15:15,"Autónoma  , PIELSANA S. COOP. MADR. ","ACEITES ESENCIALES LABIATAE, S.L , PLIMON GLOBAL SL ","Aina de Mô , Así natural","Lilà Cosmetics , NonStopBeauty","Ringana , Red Bosque","ROSAR , La Rueda Natural","Nirvana Spa , Espacio Cocoon","RINGANA partner  , Levantina de Organicos SL","Terra da Nobrega  , LA BIZNAGUERA","COSMÈTICS GIURA  , The nook","TERRA DA NOBREGA  , AINA DE MÔ","El Jardín de las lilas , Biocertificación, S.L (certificación BioVidaSana)","Såper Organic , BellaMente","Münnah Natural , shopsi srl sucursal en españa","La Saponaria  , Terpenic Lab SL","Fahle Ecolines , BE CHERRY COSMETICS"
15:23,"Autónoma  , Lilà Cosmetics","PIELSANA S. COOP. MADR.  , NonStopBeauty","ACEITES ESENCIALES LABIATAE, S.L , La Rueda Natural","Ringana , PLIMON GLOBAL SL ","Red Bosque , ROSAR","Nirvana Spa , Así natural","RINGANA partner  , COSMÈTICS GIURA ","Terra da Nobrega  , AINA DE MÔ","Levantina de Organicos SL , Münnah Natural","TERRA DA NOBREGA  , The nook","El Jardín de las lilas , LA BIZNAGUERA","Såper Organic , Espacio Cocoon","La Saponaria  , RINGANA","Terpenic Lab SL , BE CHERRY COSMETICS","BellaMente , Lamia Biocosmética","shopsi srl sucursal en españa , Promis Care","Laboratorio Cosmético Cugaes Sl , Biocertificación, S.L (certificación BioVidaSana)","Fahle Ecolines , Amapola Biocosmetics"
15:31,"Autónoma  , Ringana","PIELSANA S. COOP. MADR.  , Red Bosque","ACEITES ESENCIALES LABIATAE, S.L , The nook","Lilà Cosmetics , PLIMON GLOBAL SL ","NonStopBeauty , ROSAR","Nirvana Spa , La Rueda Natural","RINGANA partner  , Münnah Natural","Terra da Nobrega  , Terpenic Lab SL","Levantina de Organicos SL , COSMÈTICS GIURA ","TERRA DA NOBREGA  , LA BIZNAGUERA","El Jardín de las lilas , Así natural","Såper Organic , Biocertificación, S.L (certificación BioVidaSana)","La Saponaria  , BE CHERRY COSMETICS","RINGANA , Espacio Cocoon","BellaMente , AINA DE MÔ","shopsi srl sucursal en españa , Lamia Biocosmética"
15:39,"Autónoma  , Nirvana Spa","PIELSANA S. COOP. MADR.  , PLIMON GLOBAL SL ","ACEITES ESENCIALES LABIATAE, S.L , LA BIZNAGUERA","Lilà Cosmetics , Red Bosque","Ringana , NonStopBeauty","ROSAR , The nook","RINGANA partner  , Así natural","Terra da Nobrega  , Münnah Natural","Levantina de Organicos SL , Terpenic Lab SL","COSMÈTICS GIURA  , La Rueda Natural","TERRA DA NOBREGA  , RINGANA","La Saponaria  , Espacio Cocoon","BellaMente , BE CHERRY COSMETICS","shopsi srl sucursal en españa , Sector Eco","Fahle Ecolines , Biocertificación, S.L (certificación BioVidaSana)"
15:47,"Autónoma  , RINGANA partner ","PIELSANA S. COOP. MADR.  , ROSAR","ACEITES ESENCIALES LABIATAE, S.L , Así natural","Lilà Cosmetics , La Rueda Natural","Ringana , Espacio Cocoon","NonStopBeauty , Nirvana Spa","Red Bosque , PLIMON GLOBAL SL ","Terra da Nobrega  , RINGANA","Levantina de Organicos SL , BE CHERRY COSMETICS","TERRA DA NOBREGA  , COSMÈTICS GIURA ","The nook , LA BIZNAGUERA","La Saponaria  , Münnah Natural","Terpenic Lab SL , BellaMente","Fahle Ecolines , shopsi srl sucursal en españa"
15:55,"Autónoma  , LA BIZNAGUERA","PIELSANA S. COOP. MADR.  , La Rueda Natural","ACEITES ESENCIALES LABIATAE, S.L , Biocertificación, S.L (certificación BioVidaSana)","Lilà Cosmetics , The nook","Ringana , ROSAR","NonStopBeauty , COSMÈTICS GIURA ","Red Bosque , Nirvana Spa","PLIMON GLOBAL SL  , Terra da Nobrega ","RINGANA partner  , Terpenic Lab SL","Levantina de Organicos SL , Así natural","TERRA DA NOBREGA  , Münnah Natural","La Saponaria  , BellaMente","Lamia Biocosmética , Espacio Cocoon","shopsi srl sucursal en españa , RINGANA"
16:03,"Autónoma  , AINA DE MÔ","PIELSANA S. COOP. MADR.  , RINGANA partner ","Lilà Cosmetics , ACEITES ESENCIALES LABIATAE, S.L","Ringana , La Rueda Natural","NonStopBeauty , Münnah Natural","Red Bosque , Levantina de Organicos SL","PLIMON GLOBAL SL  , TERRA DA NOBREGA ","Terra da Nobrega  , Nirvana Spa","COSMÈTICS GIURA  , ROSAR","The nook , BE CHERRY COSMETICS","Såper Organic , Así natural","La Saponaria  , LA BIZNAGUERA","BellaMente , Terpenic Lab SL","Amapola Biocosmetics , Espacio Cocoon"
16:11,"Autónoma  , Münnah Natural","PIELSANA S. COOP. MADR.  , The nook","Lilà Cosmetics , Así natural","Ringana , ACEITES ESENCIALES LABIATAE, S.L","NonStopBeauty , AINA DE MÔ","Red Bosque , La Rueda Natural","RINGANA partner  , ROSAR","Terra da Nobrega  , BE CHERRY COSMETICS","Levantina de Organicos SL , Nirvana Spa","COSMÈTICS GIURA  , PLIMON GLOBAL SL ","TERRA DA NOBREGA  , Terpenic Lab SL","La Saponaria  , Lamia Biocosmética","BellaMente , LA BIZNAGUERA","Fahle Ecolines , Espacio Cocoon"
16:19,"Autónoma  , Terpenic Lab SL","PIELSANA S. COOP. MADR.  , Así natural","Lilà Cosmetics , Espacio Cocoon","Ringana , BellaMente","NonStopBeauty , RINGANA","Red Bosque , ACEITES ESENCIALES LABIATAE, S.L","PLIMON GLOBAL SL  , La Rueda Natural","RINGANA partner  , Nirvana Spa","Terra da Nobrega  , Lamia Biocosmética","Levantina de Organicos SL , ROSAR","TERRA DA NOBREGA  , BE CHERRY COSMETICS","The nook , COSMÈTICS GIURA ","La Saponaria  , shopsi srl sucursal en españa","Laboratorio Cosmético Cugaes Sl , LA BIZNAGUERA","Fahle Ecolines , Münnah Natural"
16:27,"Autónoma  , RINGANA","PIELSANA S. COOP. MADR.  , Espacio Cocoon","Lilà Cosmetics , BellaMente","Ringana , Biocertificación, S.L (certificación BioVidaSana)","NonStopBeauty , Así natural","Red Bosque , Münnah Natural","Nirvana Spa , ACEITES ESENCIALES LABIATAE, S.L","Terra da Nobrega  , RINGANA partner ","TERRA DA NOBREGA  , ROSAR","The nook , PLIMON GLOBAL SL ","El Jardín de las lilas , La Rueda Natural","La Saponaria  , Levantina de Organicos SL","Terpenic Lab SL , COSMÈTICS GIURA "
16:35,"Autónoma  , BE CHERRY COSMETICS","PIELSANA S. COOP. MADR.  , BellaMente","Lilà Cosmetics , Biocertificación, S.L (certificación BioVidaSana)","NonStopBeauty , Ringana","Red Bosque , Así natural","Terra da Nobrega  , Promis Care","COSMÈTICS GIURA  , ACEITES ESENCIALES LABIATAE, S.L","TERRA DA NOBREGA  , Nirvana Spa","The nook , ROSAR","El Jardín de las lilas , PLIMON GLOBAL SL ","Såper Organic , La Rueda Natural","Münnah Natural , RINGANA partner ","La Saponaria  , Laboratorio Cosmético Cugaes Sl","Terpenic Lab SL , Levantina de Organicos SL"
16:43,"Autónoma  , Lamia Biocosmética","PIELSANA S. COOP. MADR.  , shopsi srl sucursal en españa","NonStopBeauty , Lilà Cosmetics","Red Bosque , Terpenic Lab SL","Terra da Nobrega  , Ringana","TERRA DA NOBREGA  , RINGANA partner ","The nook , ACEITES ESENCIALES LABIATAE, S.L","Såper Organic , PLIMON GLOBAL SL ","Münnah Natural , ROSAR","Así natural , Nirvana Spa","La Saponaria  , La Rueda Natural","BellaMente , Levantina de Organicos SL","Fahle Ecolines , COSMÈTICS GIURA "
16:51,"Autónoma  , Promis Care","PIELSANA S. COOP. MADR.  , Biocertificación, S.L (certificación BioVidaSana)","NonStopBeauty , Terpenic Lab SL","Red Bosque , BE CHERRY COSMETICS","Terra da Nobrega  , Lilà Cosmetics","TERRA DA NOBREGA  , Ringana","The nook , La Rueda Natural","LA BIZNAGUERA , ACEITES ESENCIALES LABIATAE, S.L","Såper Organic , ROSAR","Münnah Natural , PLIMON GLOBAL SL ","La Saponaria  , Nirvana Spa","BellaMente , RINGANA partner ","shopsi srl sucursal en españa , COSMÈTICS GIURA ","Laboratorio Cosmético Cugaes Sl , Así natural","Fahle Ecolines , Levantina de Organicos SL"
16:59,"Autónoma  , Sector Eco","NonStopBeauty , PIELSANA S. COOP. MADR. ","Red Bosque , Espacio Cocoon","TERRA DA NOBREGA  , Lilà Cosmetics","The nook , Ringana","Såper Organic , ACEITES ESENCIALES LABIATAE, S.L","Münnah Natural , La Rueda Natural","La Saponaria  , PLIMON GLOBAL SL ","Terpenic Lab SL , ROSAR","BellaMente , Nirvana Spa","shopsi srl sucursal en españa , RINGANA partner ","Laboratorio Cosmético Cugaes Sl , Terra da Nobrega ","Amapola Biocosmetics , Así natural"
